{
  "GET /login" : {
    "transaction" : "GET /login",
    "sampleCount" : 100,
    "errorCount" : 0,
    "errorPct" : 0.0,
    "meanResTime" : 35.999999999999986,
    "medianResTime" : 31.0,
    "minResTime" : 3.0,
    "maxResTime" : 147.0,
    "pct1ResTime" : 78.70000000000002,
    "pct2ResTime" : 90.79999999999995,
    "pct3ResTime" : 146.71999999999986,
    "throughput" : 5.066626133657597,
    "receivedKBytesPerSec" : 46.88608324466738,
    "sentKBytesPerSec" : 0.8609306125550996
  },
  "Total" : {
    "transaction" : "Total",
    "sampleCount" : 21121,
    "errorCount" : 0,
    "errorPct" : 0.0,
    "meanResTime" : 237.1549169073432,
    "medianResTime" : 238.0,
    "minResTime" : 2.0,
    "maxResTime" : 1149.0,
    "pct1ResTime" : 370.0,
    "pct2ResTime" : 420.0,
    "pct3ResTime" : 539.0,
    "throughput" : 352.1927630481907,
    "receivedKBytesPerSec" : 27871.900745294522,
    "sentKBytesPerSec" : 86.68220829164582
  },
  "GET /admin/management?tab=dashboard" : {
    "transaction" : "GET /admin/management?tab=dashboard",
    "sampleCount" : 20921,
    "errorCount" : 0,
    "errorPct" : 0.0,
    "meanResTime" : 239.20304956742055,
    "medianResTime" : 238.0,
    "minResTime" : 19.0,
    "maxResTime" : 1149.0,
    "pct1ResTime" : 370.0,
    "pct2ResTime" : 420.0,
    "pct3ResTime" : 539.0,
    "throughput" : 349.18383015655775,
    "receivedKBytesPerSec" : 27881.09664542615,
    "sentKBytesPerSec" : 85.93195820259038
  },
  "POST /login" : {
    "transaction" : "POST /login",
    "sampleCount" : 100,
    "errorCount" : 0,
    "errorPct" : 0.0,
    "meanResTime" : 9.819999999999999,
    "medianResTime" : 4.5,
    "minResTime" : 2.0,
    "maxResTime" : 44.0,
    "pct1ResTime" : 22.900000000000006,
    "pct2ResTime" : 31.749999999999943,
    "pct3ResTime" : 43.97999999999999,
    "throughput" : 5.0720227226617975,
    "receivedKBytesPerSec" : 4.284472319435991,
    "sentKBytesPerSec" : 1.6642574558734022
  }
}