{
  "GET /login" : {
    "transaction" : "GET /login",
    "sampleCount" : 50,
    "errorCount" : 0,
    "errorPct" : 0.0,
    "meanResTime" : 14.98,
    "medianResTime" : 6.0,
    "minResTime" : 2.0,
    "maxResTime" : 202.0,
    "pct1ResTime" : 29.9,
    "pct2ResTime" : 53.049999999999876,
    "pct3ResTime" : 202.0,
    "throughput" : 3.420674557022645,
    "receivedKBytesPerSec" : 31.65460166244783,
    "sentKBytesPerSec" : 0.5812474344940822
  },
  "Total" : {
    "transaction" : "Total",
    "sampleCount" : 27928,
    "errorCount" : 0,
    "errorPct" : 0.0,
    "meanResTime" : 94.03258378688086,
    "medianResTime" : 102.0,
    "minResTime" : 2.0,
    "maxResTime" : 1598.0,
    "pct1ResTime" : 163.0,
    "pct2ResTime" : 188.0,
    "pct3ResTime" : 282.9900000000016,
    "throughput" : 465.03263620620754,
    "receivedKBytesPerSec" : 37006.6451975552,
    "sentKBytesPerSec" : 114.44650357582923
  },
  "GET /admin/management?tab=dashboard" : {
    "transaction" : "GET /admin/management?tab=dashboard",
    "sampleCount" : 27828,
    "errorCount" : 0,
    "errorPct" : 0.0,
    "meanResTime" : 94.3321115423317,
    "medianResTime" : 102.0,
    "minResTime" : 11.0,
    "maxResTime" : 1598.0,
    "pct1ResTime" : 163.0,
    "pct2ResTime" : 188.0,
    "pct3ResTime" : 282.9900000000016,
    "throughput" : 463.6531764941102,
    "receivedKBytesPerSec" : 37021.045874535565,
    "sentKBytesPerSec" : 114.10214890284743
  },
  "POST /login" : {
    "transaction" : "POST /login",
    "sampleCount" : 50,
    "errorCount" : 0,
    "errorPct" : 0.0,
    "meanResTime" : 6.380000000000002,
    "medianResTime" : 4.0,
    "minResTime" : 2.0,
    "maxResTime" : 80.0,
    "pct1ResTime" : 10.899999999999999,
    "pct2ResTime" : 19.39999999999995,
    "pct3ResTime" : 80.0,
    "throughput" : 3.426535087719298,
    "receivedKBytesPerSec" : 2.8944852059347586,
    "sentKBytesPerSec" : 1.1243318256578947
  }
}