{
  "GET /login" : {
    "transaction" : "GET /login",
    "sampleCount" : 20,
    "errorCount" : 0,
    "errorPct" : 0.0,
    "meanResTime" : 19.5,
    "medianResTime" : 8.0,
    "minResTime" : 4.0,
    "maxResTime" : 91.0,
    "pct1ResTime" : 65.80000000000004,
    "pct2ResTime" : 89.84999999999998,
    "pct3ResTime" : 91.0,
    "throughput" : 2.1258503401360547,
    "receivedKBytesPerSec" : 19.67241974914966,
    "sentKBytesPerSec" : 0.36122847576530615
  },
  "Total" : {
    "transaction" : "Total",
    "sampleCount" : 30579,
    "errorCount" : 0,
    "errorPct" : 0.0,
    "meanResTime" : 35.794761110566114,
    "medianResTime" : 32.0,
    "minResTime" : 3.0,
    "maxResTime" : 285.0,
    "pct1ResTime" : 43.0,
    "pct2ResTime" : 49.0,
    "pct3ResTime" : 67.0,
    "throughput" : 510.3219238664242,
    "receivedKBytesPerSec" : 40697.44064385295,
    "sentKBytesPerSec" : 125.58899165150783
  },
  "GET /admin/management?tab=dashboard" : {
    "transaction" : "GET /admin/management?tab=dashboard",
    "sampleCount" : 30539,
    "errorCount" : 0,
    "errorPct" : 0.0,
    "meanResTime" : 35.82484691705688,
    "medianResTime" : 32.0,
    "minResTime" : 23.0,
    "maxResTime" : 285.0,
    "pct1ResTime" : 43.0,
    "pct2ResTime" : 49.0,
    "pct3ResTime" : 67.0,
    "throughput" : 510.21635619413587,
    "receivedKBytesPerSec" : 40738.941912355906,
    "sentKBytesPerSec" : 125.56105640715062
  },
  "POST /login" : {
    "transaction" : "POST /login",
    "sampleCount" : 20,
    "errorCount" : 0,
    "errorPct" : 0.0,
    "meanResTime" : 6.15,
    "medianResTime" : 5.0,
    "minResTime" : 3.0,
    "maxResTime" : 14.0,
    "pct1ResTime" : 11.0,
    "pct2ResTime" : 13.849999999999998,
    "pct3ResTime" : 14.0,
    "throughput" : 2.1362956633198036,
    "receivedKBytesPerSec" : 1.804585692159795,
    "sentKBytesPerSec" : 0.7009720145268105
  }
}